symbol,spread_now,spread_half,spread_lo,spread_hi,spread_a,spread_b,spread_c,spread_disagree,depth_now,depth_half,depth_lo,depth_hi,depth_disagree,turnover_change,fill10_front_now,fill10_front_half,markout1s_now_cents,markout1s_half_cents,naive_cps_now,naive_cps_half,latent_share,eta
AAL,0.010056,0.007134,0.005174,0.010671,0.010406,0.010056,0.005283,true,7178.900000,3743.578258,1115.206461,4577.411605,true,1.611312,,0.214717,0.483973,-0.082729,0.671429,-0.035163,0.172015,0.501300
BAC,0.010513,0.006326,0.005990,0.012748,0.012378,0.005992,0.006577,true,883.333333,543.122763,86.615397,718.236684,true,1.174608,,0.219561,0.496293,0.019746,0.675616,0.031812,0.192312,0.423667
CFLT,0.010039,0.005115,0.005000,0.008972,0.008721,0.005000,0.005183,true,25535.033333,13219.989937,9624.111486,14525.066328,false,1.922985,0.404255,0.478170,0.461395,0.126712,0.514067,-0.182747,0.202257,0.133133
CIFR,0.013596,0.012248,0.006975,0.019858,0.014444,0.006975,0.019858,true,561.266667,405.209722,106.308453,501.851648,true,1.051791,0.147900,0.106119,0.347669,0.242300,0.497609,0.410960,0.087014,0.493233
CMCSA,0.010037,0.005662,0.005070,0.011211,0.010941,0.006299,0.005125,true,3403.033333,1898.346248,561.696612,2303.998199,true,1.475921,,0.289287,0.496827,-0.071444,0.693805,-0.162766,0.204258,0.445433
CSCO,0.011103,0.007562,0.006337,0.013216,0.012863,0.006337,0.008750,true,453.066667,301.246083,60.017481,386.255637,true,1.107413,0.235294,0.178643,0.485370,0.043548,0.648562,0.068278,0.164562,0.448100
EXAS,0.012394,0.008004,0.005000,0.012769,0.012447,0.005000,0.011943,true,1012.600000,545.409745,263.684878,627.412253,true,1.682961,0.256000,0.256700,0.278049,0.094494,0.359468,0.247932,0.066134,0.314533
INTC,0.010781,0.007233,0.006113,0.012220,0.011924,0.006113,0.008311,true,1751.866667,1196.491220,229.029366,1541.257838,true,1.066060,0.157895,0.164984,0.494704,0.062764,0.673795,0.065851,0.124883,0.432267
MDLZ,0.011596,0.010955,0.009259,0.014041,0.013645,0.011596,0.010403,true,429.266667,273.947806,53.843429,352.508619,true,1.161832,0.233010,0.212255,0.467679,0.032362,0.546317,0.208700,0.125649,0.599033
NFLX,0.011560,0.006814,0.005870,0.011217,0.010905,0.005870,0.007704,true,253.833333,202.349122,93.249750,235.392585,true,1.041779,0.456759,0.391224,0.164741,0.091172,0.302106,0.122271,0.110228,0.415100
NVDA,0.010969,0.009338,0.007253,0.010969,0.010180,0.010969,0.008120,false,367.566667,299.214636,136.964167,344.763845,true,1.056445,0.230672,0.131427,0.119024,-0.002584,0.236796,-0.097321,0.068484,0.503333
ONDS,0.010341,0.008075,0.006099,0.012539,0.012176,0.010341,0.006494,true,2626.000000,1637.920908,297.689283,2127.499578,true,1.179605,0.097222,0.155963,0.475705,-0.010040,0.626796,0.075428,0.123332,0.543467
PYPL,0.014051,0.016723,0.014051,0.019441,0.015922,0.014051,0.019441,false,332.800000,233.892080,60.523208,289.305311,true,1.081371,0.266476,0.178646,0.394009,0.125141,0.515259,0.364991,0.079079,0.578633
RGTI,0.012534,0.010438,0.006448,0.015773,0.012624,0.006448,0.015773,true,461.400000,320.608418,58.683079,417.679653,true,1.042966,0.158488,0.124206,0.366133,0.223441,0.469200,0.282495,0.078914,0.455967
RIVN,0.010447,0.008218,0.006134,0.012672,0.012290,0.010447,0.006650,true,1371.866667,831.881716,136.787591,1096.835783,true,1.201211,0.192308,0.157125,0.480181,0.021141,0.664803,0.125429,0.174203,0.506133
SMCI,0.012200,0.013389,0.012200,0.014500,0.013789,0.012200,0.014500,false,413.100000,284.929068,63.469632,359.760361,true,1.079357,0.211944,0.144012,0.374212,0.174402,0.445534,0.309046,0.090019,0.569233
SOFI,0.010340,0.005726,0.005018,0.012529,0.012171,0.005018,0.006358,true,2012.966667,1360.467445,417.198596,1647.370203,true,1.166243,0.229885,0.155948,0.426627,0.020521,0.552406,-0.081571,0.075012,0.354800
VZ,0.010322,0.006342,0.005698,0.012159,0.011823,0.006620,0.006067,true,1757.266667,1027.989163,233.891019,1291.738725,true,1.328054,,0.203521,0.498527,0.001484,0.696474,-0.068233,0.268719,0.468133
WBD,0.010283,0.005616,0.005141,0.012467,0.012106,0.005141,0.006005,true,3119.133333,2026.240032,478.640575,2540.804009,true,1.172240,0.340426,0.305180,0.464929,-0.023453,0.598653,-0.002563,0.149717,0.363500
